block,order,variant,pid,read_requests,read_concurrency,read_seconds,read_rps,read_median_ms,read_p95_ms,read_cpu_s,write_requests,write_concurrency,write_seconds,write_rps,write_median_ms,write_p95_ms,write_cpu_s,rss_mib,hwm_mib
1,0,modern-quarkus,422725,400,4,1.981994726,201.81688414845965,15.7329315,31.118868,2.2699999999999996,40,1,0.773323155,51.72481871437045,17.565072999999998,24.13472,0.8900000000000006,254.66796875,254.66796875
1,1,legacy-spring,422880,400,4,1.977559149,202.26955042142205,15.8970655,48.415287,2.59,40,1,0.775491691,51.58017869723378,17.8939745,19.188433,0.46000000000000085,323.41796875,323.41796875
1,2,modern-micronaut,423020,400,4,1.984575396,201.5544487784227,16.7309505,60.387822,2.1599999999999993,40,1,0.807145179,49.557379565293786,18.004027999999998,25.388314,0.5400000000000009,240.36328125,240.36328125
1,3,modern-spring,423169,400,4,1.927876931,207.48212376425806,16.48866,29.892291,2.4400000000000013,40,1,0.846739029,47.240057006986035,19.178293,25.119219,0.8099999999999987,282.8125,282.8125
1,4,modern-classpath,423318,400,4,1.95313576,204.79887173843971,15.2909705,70.801212,2.0299999999999994,40,1,0.873636124,45.78565251727159,22.853241,25.381263,0.5900000000000007,208.35546875,208.35546875
1,5,modern-jpms,423455,400,4,1.919901711,208.34399891839047,13.6721675,54.467098,1.9899999999999993,40,1,0.750426975,53.30298794229778,18.0524455,23.382263,0.4800000000000004,211.609375,211.609375
2,0,legacy-spring,423591,400,4,1.976289268,202.39952039247729,16.49423,39.67201,2.6499999999999986,40,1,0.799726359,50.01710841445455,18.1385415,20.773788,0.46000000000000085,322.9453125,322.9453125
2,1,modern-jpms,423742,400,4,1.890840588,211.54612532571676,14.844726,52.118093,2.08,40,1,0.761883713,52.501450441164636,17.2248915,19.980042,0.4299999999999997,195.97265625,202.35546875
2,2,modern-classpath,423839,400,4,1.89079528,211.55119447939387,14.377501500000001,59.841167,2.05,40,1,0.801419035,49.91146735115918,17.646183999999998,21.004626,0.4299999999999997,203.734375,203.734375
2,3,modern-quarkus,423944,400,4,1.873722826,213.47874640237742,14.395854,41.822188,2.209999999999999,40,1,0.774768785,51.62830611457843,17.455731999999998,25.196118,0.6900000000000013,252.96484375,252.96484375
2,4,modern-spring,424095,400,4,1.952171879,204.89999077586344,16.825525,39.42198,2.3500000000000014,40,1,0.851778539,46.96056330200637,17.8183615,26.13935,0.879999999999999,291.51171875,291.51171875
2,5,modern-micronaut,424223,400,4,1.990614364,200.94298887516717,16.411519,38.436922,2.0999999999999996,40,1,0.819973376,48.78207167545889,18.5831095,22.118879,0.5600000000000005,252.83203125,252.83203125
3,0,modern-micronaut,424375,400,4,1.952368773,204.8793268627023,14.253934000000001,38.943386,2.08,40,1,0.85122947,46.99085429925258,19.854788499999998,26.816019,0.5700000000000003,253.1875,253.1875
3,1,legacy-spring,424549,400,4,2.029760137,197.06762031064562,16.163707000000002,54.76556,2.6000000000000014,40,1,0.801286038,49.919751628069676,18.261063,21.028304,0.48999999999999844,322.16015625,322.16015625
3,2,modern-spring,424696,400,4,1.995798655,200.42101892287326,17.011171500000003,74.009445,2.5700000000000003,40,1,0.783909451,51.02630150583553,17.984216,20.281836,0.7400000000000002,294.0625,299.64453125
3,3,modern-classpath,424804,400,4,1.845181658,216.78082386401005,14.545680999999998,36.146078,2.1000000000000005,40,1,0.831920187,48.08153549470245,17.6045735,27.193023,0.5099999999999998,196.13671875,196.13671875
3,4,modern-jpms,424949,400,4,1.818490627,219.96264047832236,14.0127205,47.825272,1.9700000000000006,40,1,0.78716305,50.81539332924736,17.095484,20.55251,0.40999999999999925,204.25,204.25
3,5,modern-quarkus,425046,400,4,1.933170497,206.91397919673506,15.549954,51.789121,2.1900000000000004,40,1,0.827663892,48.32879673334837,17.9719595,25.553405,0.5399999999999991,251.046875,251.046875
4,0,modern-classpath,425183,400,4,1.926254772,207.6568509079857,16.031053,37.760217,1.9899999999999993,40,1,0.790421006,50.60594252476129,17.48856,22.354452,0.4800000000000004,198.91015625,198.91015625
4,1,modern-spring,425300,400,4,1.997274747,200.27289715689776,16.271135,49.661606,2.51,40,1,0.744875906,53.700219966572526,17.8624735,25.577163,0.7300000000000004,293.640625,294.9375
4,2,modern-jpms,425447,400,4,1.900788022,210.43903653134447,14.215647,64.369991,1.8599999999999994,40,1,0.850729784,47.0184549222271,18.869774999999997,25.152147,0.54,210.87890625,210.87890625
4,3,modern-micronaut,425545,400,4,1.893833257,211.21183637551889,14.484580000000001,52.074239,2.120000000000001,40,1,0.833187138,48.008422328766194,18.7876795,25.218212,0.5800000000000001,240.09375,240.09375
4,4,legacy-spring,425698,400,4,2.004870539,199.51412932603324,16.8705335,53.10207,2.41,40,1,0.811603134,49.28517193232032,18.373151,22.191058,0.7700000000000031,325.16796875,325.16796875
4,5,modern-quarkus,425830,400,4,1.964308481,203.63400345161978,14.252627,67.708721,2.170000000000001,40,1,0.722111198,55.39313074050958,17.594693999999997,21.334942,0.5999999999999996,247.28515625,247.28515625
5,0,modern-jpms,425992,400,4,1.818826381,219.92203553814628,13.118253,41.817308,1.8500000000000005,40,1,0.76449668,52.322006159660496,17.1802255,18.888133,0.4299999999999997,208.765625,208.765625
5,1,legacy-spring,426093,400,4,2.006114616,199.39040212844947,16.640684999999998,48.159634,2.450000000000001,40,1,0.834772628,47.917239567179486,20.073608999999998,22.058547,0.46000000000000085,315.921875,315.921875
5,2,modern-spring,426254,400,4,1.967258223,203.32867100182403,16.7257535,45.373033,2.3900000000000006,40,1,0.812903546,49.206329824522626,18.174312,28.601704,0.7299999999999986,287.32421875,287.32421875
5,3,modern-micronaut,426406,400,4,1.93142676,207.10078594955368,16.990684,52.732602,2.0999999999999996,40,1,0.837081939,47.785047241354945,18.049097500000002,23.254401,0.5500000000000007,258.11328125,258.11328125
5,4,modern-quarkus,426538,400,4,1.951930236,204.92535676874468,15.740399499999999,45.804775,2.21,40,1,0.799137759,50.053948207945965,18.1747765,22.791179,0.6999999999999993,245.94140625,245.94140625
5,5,modern-classpath,426694,400,4,1.897473446,210.80663913543904,14.273678,52.144903,1.9900000000000002,40,1,0.875889679,45.66785173866628,20.0855465,28.494766,0.5299999999999994,200.73046875,200.73046875
