block,order,variant,pid,web_ready_s,web_ready_rss_mib,web_ready_hwm_mib,web_ready_cpu_s,web_ready_threads,first_read_ms,business_ready_s,business_ready_rss_mib,business_ready_hwm_mib,business_ready_cpu_s,business_ready_threads,first_write_49_ms,first_write_48_ms,settled_rss_mib,settled_hwm_mib,settled_cpu_s,settled_threads
1,0,modern-classpath,312755,0.61539802,96.171875,96.171875,1.37,25,314.564837,0.930275626,123.68359375,124.27734375,2.17,28,67.200085,29.977873,149.37109375,173.33984375,3.37,33
1,1,legacy-spring,312893,3.453821333,301.93359375,301.93359375,11.31,42,229.260989,3.683308076,308.69921875,308.69921875,12.05,44,32.305309,21.124386,308.0625,316.7578125,13.13,43
1,2,modern-jpms,313090,0.662824457,130.16015625,130.16015625,1.79,24,284.241728,0.947397899,157.046875,157.046875,2.5,32,69.297912,33.565474,185.34765625,196.12109375,3.69,33
1,3,modern-spring,313220,2.236906024,269.171875,269.171875,7.39,42,237.089479,2.474260136,275.09765625,275.09765625,8.11,44,60.632521,31.976261,282.42578125,287.9375,9.12,43
2,0,modern-spring,313382,2.436862265,263.484375,263.484375,7.74,42,237.957073,2.675122349,271.02734375,271.02734375,8.47,44,66.300879,27.024139,274.3203125,283.734375,9.64,43
2,1,modern-jpms,313545,0.684395718,128.24609375,128.24609375,1.83,24,299.007177,0.983730298,157.1640625,157.1640625,2.61,32,69.17999,40.983983,185.24609375,198.98828125,3.67,33
2,2,legacy-spring,313704,3.575547338,292.87109375,292.87109375,11.89,42,257.579693,3.833455297,302.7578125,302.7578125,12.65,44,35.802366,22.935873,305.99609375,312.59375,13.97,43
2,3,modern-classpath,313868,0.603003478,96.765625,96.765625,1.35,25,324.954247,0.92820159,121.0390625,121.0390625,2.17,28,63.452307,40.136992,148.33984375,171.921875,3.1,33
3,0,modern-spring,314018,2.25722746,262.29296875,262.29296875,7.46,42,229.281804,2.486773664,276.2734375,276.2734375,8.19,44,55.964636,27.487426,280.53515625,296.0,9.49,43
3,1,modern-classpath,314181,0.595407725,96.81640625,96.81640625,1.38,25,312.46923,0.908239474,120.4453125,121.01171875,2.15,28,76.765718,37.869252,154.27734375,171.578125,3.28,33
3,2,legacy-spring,314324,3.468246496,289.203125,289.203125,11.2,42,222.323138,3.690894952,296.15625,296.15625,11.92,44,45.651712,25.598725,293.41796875,304.734375,12.87,43
3,3,modern-jpms,314513,0.699493626,129.421875,129.421875,1.83,24,293.345873,0.993181104,153.7578125,153.7578125,2.59,32,58.899282,33.845581,173.359375,189.0859375,3.77,33
4,0,legacy-spring,314644,3.475352731,291.8984375,291.8984375,11.4,42,224.02949,3.699675055,298.90625,298.90625,12.11,44,45.384231,30.51111,303.69140625,308.828125,13.31,43
4,1,modern-spring,314805,2.389499427,254.94921875,254.94921875,7.56,42,241.137922,2.63090747,263.59765625,263.95703125,8.3,44,52.309674,29.091328,266.90625,275.046875,9.47,43
4,2,modern-classpath,314968,0.634513864,97.64453125,97.64453125,1.39,25,299.067938,0.933885743,124.09765625,124.09765625,2.18,28,62.953678,26.004399,152.43359375,172.703125,3.21,33
4,3,modern-jpms,315118,0.761939627,125.83984375,125.83984375,1.95,24,294.462029,1.0567306,149.62109375,149.62109375,2.76,32,72.571804,39.581552,182.703125,194.55078125,3.84,33
5,0,legacy-spring,315256,3.497878218,290.74609375,290.74609375,11.47,42,218.739713,3.716969661,297.53515625,297.53515625,12.11,44,35.762088,21.327541,290.13671875,310.546875,13.07,43
5,1,modern-jpms,315438,0.683100472,127.78515625,127.78515625,1.8,24,294.16096,0.977514254,153.83203125,153.83203125,2.59,32,60.33296,24.231785,175.09765625,189.015625,3.62,33
5,2,modern-spring,315570,2.390349132,275.55078125,275.55078125,7.55,42,245.153349,2.635817431,285.64453125,285.64453125,8.33,44,61.87928,29.329577,287.078125,295.59765625,9.56,43
5,3,modern-classpath,315733,0.606416754,96.6875,96.6875,1.29,25,321.522231,0.928334326,125.7265625,125.7265625,2.11,28,77.10453,31.993487,145.4375,174.53125,3.18,33
6,0,legacy-spring,315863,3.48510381,296.36328125,296.36328125,11.35,42,213.53284,3.698961947,303.16796875,303.16796875,12.02,44,31.905269,27.337832,306.69921875,312.19921875,13.0,43
6,1,modern-classpath,316065,0.612102414,97.6015625,97.6015625,1.41,25,298.172253,0.910644725,123.1796875,123.1796875,2.16,28,68.93644,31.678965,148.484375,172.56640625,3.21,33
6,2,modern-spring,316197,2.283490202,277.24609375,277.24609375,7.65,42,236.256723,2.520088013,284.75390625,284.75390625,8.39,44,60.825851,34.489883,283.05078125,293.734375,9.48,43
6,3,modern-jpms,316382,0.73796496,117.2109375,117.2109375,1.93,24,285.308285,1.023522174,147.2578125,147.58984375,2.64,32,69.893294,30.101769,164.71484375,187.4609375,3.75,33
7,0,modern-jpms,316524,0.683417083,117.484375,117.484375,1.74,24,307.980988,0.991725156,148.9453125,149.69921875,2.56,32,59.190097,25.786084,166.41796875,185.1953125,3.59,33
7,1,modern-spring,316655,2.346160483,283.35546875,283.35546875,7.54,42,240.886865,2.587287734,292.8984375,292.8984375,8.28,44,56.41653,29.276617,291.5390625,302.7109375,9.59,43
7,2,modern-classpath,316846,0.607075469,97.7265625,97.7265625,1.37,25,301.409022,0.908825433,122.453125,122.453125,2.14,28,74.343836,37.661351,145.28125,170.90625,3.09,33
7,3,legacy-spring,316977,3.483551769,279.921875,279.921875,11.56,42,214.882027,3.698752709,284.91015625,286.859375,12.25,44,36.096913,23.454708,295.859375,301.11328125,13.32,43
8,0,modern-classpath,317141,0.658163798,97.74609375,97.74609375,1.38,25,293.513557,0.952034025,125.03125,125.03125,2.09,28,61.434338,31.765722,145.18359375,169.3828125,3.2,33
8,1,modern-spring,317292,2.221444187,257.15234375,257.15234375,7.34,42,239.758339,2.461527473,283.10546875,283.10546875,8.1,44,67.07689,35.653761,283.59765625,294.43359375,9.21,43
8,2,legacy-spring,317435,3.486041674,300.0859375,300.0859375,11.49,42,235.09122,3.721445133,306.87890625,306.87890625,12.22,44,33.493107,27.901977,305.546875,313.13671875,13.34,43
8,3,modern-jpms,317625,0.715352253,126.671875,126.671875,1.93,24,299.44366,1.015154984,154.44140625,154.44140625,2.72,32,61.80515,25.296624,173.71484375,183.171875,3.77,33
9,0,modern-classpath,317755,0.579900988,97.75390625,97.75390625,1.33,25,292.535456,0.872707569,121.69140625,121.69140625,2.1,28,80.312539,25.759706,153.1328125,172.046875,3.24,33
9,1,modern-spring,317908,2.299116147,260.71875,260.71875,7.53,42,235.089007,2.534461367,281.0234375,281.0234375,8.24,44,53.116466,25.089267,275.87109375,287.38671875,9.3,43
9,2,legacy-spring,318072,3.376869257,294.1328125,294.1328125,10.96,42,221.570679,3.598802892,300.94921875,300.94921875,11.66,44,46.48344,27.140302,297.69140625,308.26953125,12.82,43
9,3,modern-jpms,318262,0.722097603,129.0,129.0,1.98,24,294.919523,1.017377989,155.41015625,155.41015625,2.73,32,83.056074,40.647681,173.33984375,190.375,3.72,33
10,0,legacy-spring,318392,3.471524102,293.453125,293.453125,11.37,42,221.335298,3.693176792,300.2890625,300.2890625,12.05,44,44.201336,21.855538,296.765625,310.76953125,13.05,43
10,1,modern-spring,318580,2.28227431,261.58203125,261.58203125,7.46,42,238.916113,2.521522128,269.63671875,269.63671875,8.21,44,53.758202,28.145901,279.26171875,286.9921875,9.61,43
10,2,modern-jpms,318726,0.80504606,120.53125,120.53125,1.98,24,317.382439,1.122738818,152.7421875,152.7421875,2.76,32,67.926788,25.733443,164.71484375,198.66796875,3.76,33
10,3,modern-classpath,318859,0.618998562,96.19140625,96.19140625,1.37,25,317.435334,0.936686418,120.73828125,120.73828125,2.15,28,71.115879,27.195336,149.75,172.35546875,3.18,33
11,0,modern-jpms,319041,0.707895712,129.65625,129.65625,1.88,24,326.291717,1.034524624,156.55078125,156.55078125,2.73,32,61.865952,29.091753,177.5,193.90234375,3.91,33
11,1,legacy-spring,319172,3.580926988,295.6796875,295.6796875,11.54,42,245.800365,3.827042246,302.41796875,302.41796875,12.34,44,40.141353,30.566575,295.96875,310.5390625,13.59,43
11,2,modern-spring,319356,2.250514889,265.03125,265.03125,7.46,42,238.557144,2.489313037,270.3984375,270.3984375,8.22,44,54.672817,25.112841,268.671875,279.40234375,9.32,43
11,3,modern-classpath,319499,0.61049245,97.36328125,97.36328125,1.35,25,291.321112,0.902176523,120.33203125,121.25,2.07,28,85.231266,25.825315,148.20703125,171.0703125,3.11,33
12,0,modern-classpath,319630,0.587088216,97.3203125,97.3203125,1.32,25,299.736693,0.887078582,119.78515625,119.78515625,2.1,28,79.677568,28.540766,141.640625,172.15234375,3.08,33
12,1,legacy-spring,319769,3.521946711,289.375,289.375,11.37,42,223.572442,3.74585498,296.1640625,296.1640625,12.01,44,92.14791,23.34482,295.6171875,304.82421875,13.24,43
12,2,modern-spring,319950,2.251186423,262.12109375,262.12109375,7.57,42,237.790528,2.489214989,278.703125,278.703125,8.32,44,51.494866,27.41507,275.33984375,286.81640625,9.39,43
12,3,modern-jpms,320133,0.690302616,128.09375,128.09375,1.77,24,304.535475,0.995180109,156.47265625,156.47265625,2.51,32,77.964944,28.904153,177.96484375,190.90625,3.56,33
13,0,legacy-spring,320276,3.477853939,282.14453125,282.14453125,11.34,42,229.039338,3.707222031,288.96484375,288.96484375,12.04,44,42.173329,29.709153,297.1015625,306.6640625,13.07,43
13,1,modern-classpath,320460,0.59581219,97.203125,97.203125,1.34,25,298.633253,0.894808792,119.8359375,120.3359375,2.1,28,88.181517,43.441419,152.5625,169.26171875,3.23,33
13,2,modern-jpms,320599,0.690923328,127.03515625,127.03515625,1.78,24,308.124647,0.999385179,154.04296875,154.04296875,2.58,32,59.636675,25.958327,192.796875,198.5,3.86,33
13,3,modern-spring,320729,2.375294172,268.68359375,268.68359375,7.83,42,238.90763,2.614463252,276.29296875,276.29296875,8.58,44,66.33192,29.742732,280.41015625,286.13671875,9.56,43
14,0,legacy-spring,320903,3.396244568,305.796875,305.796875,11.08,42,223.647958,3.620196209,312.53515625,312.53515625,11.79,44,41.738968,21.570932,309.0234375,316.76171875,12.98,43
14,1,modern-spring,321065,2.3179987,270.4609375,270.4609375,7.59,42,261.495424,2.579764455,281.84375,281.84375,8.41,44,55.743746,30.713847,281.12890625,292.11328125,9.56,43
14,2,modern-classpath,321248,0.591321756,96.53125,96.53125,1.31,25,284.029891,0.875786643,122.93359375,122.93359375,2.01,28,88.77548,41.283499,151.1875,173.10546875,3.1,33
14,3,modern-jpms,321386,0.754414485,126.765625,126.765625,1.92,24,292.171554,1.046838922,156.19140625,156.19140625,2.71,32,71.74277,33.962104,184.7578125,190.20703125,3.72,33
15,0,modern-classpath,321516,0.618798487,97.04296875,97.04296875,1.33,25,306.307984,0.925404246,121.15625,121.15625,2.12,28,64.522387,30.120052,149.67578125,172.75390625,3.16,33
15,1,modern-jpms,321648,0.754076769,122.42578125,122.42578125,1.92,24,297.246038,1.051619462,149.234375,149.234375,2.67,32,73.805153,37.892438,162.828125,186.34375,3.73,33
15,2,modern-spring,321818,2.363806749,253.8359375,253.8359375,7.73,42,236.960323,2.600999307,262.97265625,262.97265625,8.49,44,51.924065,25.738145,270.5,275.9140625,9.61,43
15,3,legacy-spring,321962,3.575437038,288.6875,288.6875,11.49,42,300.959382,3.876745459,295.9765625,297.0234375,12.35,44,46.235801,31.111542,294.625,306.8984375,13.69,43
16,0,modern-classpath,322151,0.609403776,97.9921875,97.9921875,1.39,25,345.535187,0.955292738,120.22265625,120.97265625,2.22,28,73.630264,25.807489,151.30859375,172.83203125,3.26,33
16,1,modern-jpms,322386,0.765779774,126.8125,126.8125,2.01,24,298.451898,1.064585152,156.0,156.0,2.79,32,61.158325,26.054092,176.03125,185.42578125,3.99,33
16,2,modern-spring,322532,2.513048366,245.5859375,245.5859375,8.15,42,241.223437,2.754538788,256.96484375,256.96484375,8.93,44,54.96836,31.216266,252.40234375,267.25390625,9.98,43
16,3,legacy-spring,322714,3.536445928,280.18359375,280.18359375,11.54,42,211.581149,3.748361556,288.56640625,288.56640625,12.22,44,35.331005,25.569082,287.3125,301.13671875,13.25,43
17,0,modern-classpath,322878,0.649419464,97.34375,97.34375,1.38,25,305.167087,0.954954098,120.12890625,120.12890625,2.15,28,89.161827,34.386043,151.15625,171.53125,3.33,33
17,1,legacy-spring,323035,3.37399699,292.421875,292.421875,11.12,42,207.509032,3.581724451,299.26953125,299.26953125,11.76,44,34.778919,19.018686,295.3984375,311.2109375,12.82,43
17,2,modern-spring,323198,2.323784773,259.296875,259.296875,7.69,42,233.166439,2.557203454,280.640625,281.65625,8.43,44,56.580642,31.372999,278.74609375,289.375,9.63,43
17,3,modern-jpms,323362,0.744156424,126.23828125,126.23828125,1.83,24,308.974983,1.053398372,154.41015625,154.41015625,2.6,32,59.797151,32.416367,170.2109375,206.59765625,3.75,33
18,0,modern-jpms,323493,0.713214891,127.19921875,127.19921875,1.9,24,297.429684,1.010911365,152.02734375,152.02734375,2.68,32,60.257122,32.386361,181.328125,183.63671875,3.83,33
18,1,modern-spring,323644,2.309512173,258.21484375,260.046875,7.6,42,231.466312,2.541215764,266.60546875,266.60546875,8.34,44,61.470727,26.399708,264.5703125,277.5546875,9.38,43
18,2,modern-classpath,323813,0.605148931,97.4140625,97.4140625,1.37,25,289.857167,0.895270526,123.14453125,123.14453125,2.07,28,77.694132,41.671636,153.00390625,173.40625,3.13,33
18,3,legacy-spring,323944,3.513651385,294.3515625,294.3515625,11.37,42,225.503878,3.739497139,301.19921875,301.19921875,12.07,44,34.204447,23.03105,302.98046875,311.3046875,13.41,43
19,0,modern-jpms,324128,0.719689198,129.21875,129.21875,1.89,24,288.281995,1.008309656,158.0703125,158.0703125,2.65,32,75.477588,34.70224,175.2265625,191.453125,3.85,33
19,1,modern-spring,324260,2.338707159,258.83203125,258.83203125,7.48,42,229.788137,2.568756365,278.15625,278.15625,8.2,44,52.577669,27.831124,272.1328125,289.67578125,9.27,43
19,2,legacy-spring,324423,3.362578916,288.4140625,288.4140625,11.07,42,220.842961,3.583733355,295.2734375,295.2734375,11.77,44,32.374044,24.063718,293.51953125,308.8671875,12.75,43
19,3,modern-classpath,324614,0.629563704,97.53125,97.53125,1.4,25,326.250092,0.956067702,124.50390625,124.50390625,2.24,28,60.03944,26.226547,144.85546875,173.0,3.27,33
20,0,modern-classpath,324759,0.576237244,96.359375,96.359375,1.3,25,314.896046,0.891463409,119.4921875,119.4921875,2.12,28,70.986422,36.34878,149.86328125,173.18359375,3.16,33
20,1,legacy-spring,324909,3.500838249,300.79296875,300.79296875,11.48,42,215.60492,3.716667484,307.546875,307.546875,12.17,44,34.431667,23.240708,299.0390625,313.1796875,13.28,43
20,2,modern-jpms,325078,0.793679529,130.5390625,130.5390625,1.95,24,300.704245,1.094702103,158.6953125,158.6953125,2.76,32,68.14142,32.444994,171.28515625,191.22265625,3.82,33
20,3,modern-spring,325212,2.466919051,267.203125,267.203125,8.22,42,240.023535,2.707182743,275.1484375,275.1484375,8.97,44,55.430196,29.836527,277.03515625,288.48828125,10.05,43
21,0,modern-jpms,325392,0.690827339,129.76171875,129.76171875,1.8,24,292.030609,0.983190913,159.24609375,159.24609375,2.56,32,59.810522,34.26295,169.609375,185.33984375,3.59,33
21,1,modern-classpath,325545,0.640077168,96.8203125,96.8203125,1.38,25,302.766514,0.943191864,124.53515625,124.83203125,2.18,28,73.870657,33.933159,154.78125,171.98046875,3.29,33
21,2,modern-spring,325678,2.467892468,264.2109375,264.2109375,8.03,42,235.399991,2.703550172,272.03515625,272.03515625,8.8,44,53.176734,25.426456,270.64453125,283.98046875,9.73,43
21,3,legacy-spring,325843,3.41261248,293.0390625,293.0390625,11.14,42,210.744918,3.623577603,299.8359375,299.8359375,11.8,44,34.007781,21.366743,303.1015625,307.37890625,13.04,43
22,0,modern-classpath,326032,0.619531816,97.359375,97.359375,1.33,25,296.01455,0.915915629,120.7109375,121.34375,2.08,28,61.015025,25.528488,152.19921875,172.890625,3.11,33
22,1,modern-spring,326163,2.283375666,263.62109375,263.62109375,7.39,42,242.083638,2.52571553,271.125,271.125,8.16,44,57.552284,29.926502,276.58203125,281.3828125,9.24,43
22,2,modern-jpms,326324,0.69887173,119.86328125,119.86328125,1.74,24,346.800797,1.046025636,151.95703125,152.5703125,2.49,32,59.52297,36.895013,183.6796875,202.96484375,3.75,33
22,3,legacy-spring,326475,3.449600431,285.390625,285.390625,11.44,42,224.991959,3.674912185,293.859375,293.859375,12.14,44,43.422757,32.231863,298.6796875,305.73828125,13.47,43
23,0,modern-spring,326638,2.329090618,260.6640625,260.6640625,7.64,42,230.369032,2.559811552,268.2890625,268.2890625,8.37,44,58.174593,27.393455,270.15625,275.94921875,9.56,43
23,1,modern-classpath,326809,0.65249769,96.66015625,96.66015625,1.4,25,303.718479,0.95658496,121.69140625,121.69140625,2.18,28,77.000231,36.320308,148.56640625,173.34375,3.26,33
23,2,modern-jpms,326960,0.716045515,130.16796875,130.16796875,1.9,24,287.245448,1.003627561,156.9765625,156.9765625,2.67,32,59.331745,25.245394,168.00390625,190.140625,3.69,33
23,3,legacy-spring,327092,3.42690641,288.87109375,288.87109375,11.14,42,233.858003,3.661064644,295.6640625,295.6640625,11.86,44,34.496964,20.859936,299.078125,307.4375,13.12,43
24,0,modern-classpath,327277,0.582063825,96.640625,96.640625,1.32,25,302.412975,0.884776227,121.6953125,121.6953125,2.11,28,85.221277,31.760225,149.71484375,172.64453125,3.24,33
24,1,modern-spring,327407,2.356446221,255.16015625,256.3984375,7.58,42,240.511798,2.597214405,262.6484375,262.6484375,8.3,44,72.663391,35.298456,268.4453125,276.35546875,9.43,43
24,2,legacy-spring,327578,3.445282004,287.01171875,287.01171875,11.43,42,211.143969,3.656645143,297.6015625,297.6015625,12.07,44,33.440167,21.060442,297.74609375,306.43359375,13.21,43
24,3,modern-jpms,327740,0.729761509,119.3046875,119.3046875,1.81,24,309.113524,1.03920952,145.9609375,146.22265625,2.58,32,63.843699,35.853594,178.7578125,193.78515625,3.97,33
25,0,modern-classpath,327891,0.624199191,97.390625,97.390625,1.47,25,310.327215,0.934881476,120.62109375,120.62109375,2.24,28,72.536236,25.74191,151.16015625,174.25390625,3.26,33
25,1,modern-spring,328033,2.227969319,252.98828125,252.98828125,7.39,42,243.492131,2.471746288,262.578125,262.578125,8.18,44,59.221639,28.654094,265.4921875,275.9921875,9.3,43
25,2,modern-jpms,328195,0.694560617,128.140625,128.140625,1.81,24,321.812084,1.016710426,155.5546875,155.5546875,2.69,32,123.559254,28.473694,162.703125,191.1484375,3.64,33
25,3,legacy-spring,328335,3.683835074,296.890625,296.890625,12.0,42,218.223696,3.902350198,303.76171875,303.76171875,12.67,44,45.565508,28.623865,306.75390625,312.6328125,13.62,43
26,0,modern-jpms,328516,0.700621927,127.0234375,127.0234375,1.86,24,302.119744,1.003055482,155.828125,155.828125,2.64,32,61.77955,37.400094,173.83203125,195.51171875,3.71,33
26,1,legacy-spring,328647,3.526901705,291.63671875,291.63671875,11.54,42,214.684836,3.741921425,298.4140625,298.4140625,12.18,44,31.891093,20.697164,292.4140625,321.77734375,13.59,43
26,2,modern-spring,328840,2.40670402,250.2109375,250.2109375,7.7,42,231.236496,2.63826511,257.9140625,257.9140625,8.43,44,54.101192,26.212795,266.84765625,273.890625,9.77,43
26,3,modern-classpath,329006,0.617877777,96.8515625,96.8515625,1.37,25,301.054491,0.919348745,123.15234375,123.15234375,2.13,28,64.051748,25.735063,148.56640625,172.87890625,3.27,33
27,0,modern-spring,329163,2.243769345,268.0078125,268.0078125,7.39,42,222.042276,2.466050654,273.45703125,273.45703125,8.08,44,66.492531,31.277228,272.87109375,285.51171875,9.09,43
27,1,modern-jpms,329306,0.711777983,128.28515625,128.28515625,1.88,24,308.052724,1.02017421,159.859375,159.859375,2.66,32,79.024698,32.828774,178.2421875,187.7890625,3.72,33
27,2,legacy-spring,329457,3.429928027,299.79296875,299.79296875,11.3,42,215.181793,3.645347201,306.59765625,306.59765625,11.95,44,38.532877,22.685484,308.765625,315.20703125,13.35,43
27,3,modern-classpath,329618,0.593900567,97.109375,97.109375,1.33,25,323.121562,0.917436357,125.46875,125.46875,2.22,28,70.549091,29.519722,151.62109375,174.4453125,3.31,33
28,0,modern-jpms,329750,0.752677236,128.10546875,128.10546875,1.99,24,307.560622,1.060552041,159.53125,159.53125,2.73,32,66.663782,25.356423,184.84375,190.47265625,3.85,33
28,1,legacy-spring,329927,3.517003895,284.171875,284.171875,11.7,42,220.889912,3.738216606,290.9921875,290.9921875,12.37,44,37.003242,25.918938,303.25,311.22265625,13.73,43
28,2,modern-spring,330070,2.364161135,250.078125,250.078125,7.43,42,231.575787,2.595976183,259.01953125,259.01953125,8.18,44,52.472297,27.002934,262.23828125,271.671875,9.4,43
28,3,modern-classpath,330252,0.638374981,96.3984375,96.3984375,1.36,25,295.466834,0.934150108,119.3203125,119.75390625,2.07,28,73.793484,33.194526,153.62890625,173.39453125,3.16,33
29,0,modern-classpath,330382,0.634295622,97.47265625,97.47265625,1.38,25,290.212642,0.924773267,120.60546875,121.0703125,2.14,28,62.444183,23.424515,146.6953125,172.28515625,3.18,33
29,1,legacy-spring,330515,3.437975696,293.99609375,293.99609375,11.43,42,229.544535,3.667865968,300.78515625,300.78515625,12.07,44,41.899099,20.396956,301.94140625,308.41796875,13.41,43
29,2,modern-spring,330704,2.299865062,262.83203125,262.83203125,7.44,42,259.157325,2.559287305,281.50390625,281.50390625,8.25,44,61.297002,32.551685,282.796875,291.5,9.66,43
29,3,modern-jpms,330887,0.754632848,127.71484375,127.71484375,1.97,24,318.218866,1.073162706,157.203125,157.203125,2.78,32,76.0695,35.891687,177.95703125,187.02734375,3.91,33
30,0,modern-classpath,331021,0.612677331,97.6796875,97.6796875,1.33,25,309.035869,0.922048425,124.0703125,124.0703125,2.08,28,71.552101,27.694982,143.3515625,171.62109375,3.16,33
30,1,modern-jpms,331152,0.686906408,128.71484375,128.71484375,1.81,24,298.9872,0.986207872,160.33203125,160.33203125,2.57,32,67.387703,24.706179,170.93359375,191.1171875,3.59,33
30,2,legacy-spring,331284,3.384055403,295.18359375,295.18359375,11.15,42,213.442687,3.597739868,301.98828125,301.98828125,11.82,44,32.123683,20.701743,310.86328125,313.21484375,12.79,43
30,3,modern-spring,331473,2.317171255,233.68359375,233.68359375,6.06,41,237.962858,2.555396368,245.703125,246.66796875,6.58,43,58.006149,25.774709,259.41015625,261.1953125,7.71,43
