run,pid,web_ready_s,spring_logged_startup_s,web_ready_rss_mib,web_ready_hwm_mib,web_ready_cpu_s,web_ready_threads,first_query_ms,query_ready_s,query_ready_rss_mib,query_ready_hwm_mib,query_ready_cpu_s,query_ready_threads,settled_rss_mib,settled_hwm_mib,settled_cpu_s,settled_threads
1,233296,5.759333681,5.055,446.42578125,446.42578125,23.94,96,229.485108,5.989169766,455.28125,455.28125,24.94,98,427.33984375,455.359375,26.6,96
2,233533,5.838969893,5.16,445.92578125,445.92578125,24.32,96,249.065211,6.088353071,453.67578125,453.67578125,25.37,98,443.07421875,455.9140625,26.91,96
3,233782,5.874849745,5.219,450.87890625,450.87890625,24.44,96,241.190544,6.11637882,456.08203125,456.08203125,25.45,98,451.33984375,467.12109375,27.37,96
4,234033,6.05752699,5.362,419.359375,419.359375,24.66,96,224.859858,6.28270879,425.72265625,425.72265625,25.67,98,414.21875,427.08203125,27.45,96
5,234311,5.811260846,5.142,427.55859375,427.55859375,23.59,96,226.951946,6.038535642,431.94921875,431.94921875,24.6,98,427.07421875,433.21484375,25.67,96
6,234551,5.716498072,5.042,441.6171875,441.6171875,24.04,96,214.669431,5.931481332,450.6640625,450.6640625,24.98,98,419.90234375,450.9609375,26.79,96
7,234799,5.769429199,5.109,453.91796875,453.91796875,23.71,96,258.799451,6.028490048,459.78515625,459.78515625,24.8,98,453.40625,468.0703125,26.59,96
8,235039,6.070893584,5.369,444.28515625,444.28515625,24.32,96,206.258764,6.277512594,449.19140625,449.19140625,25.21,98,430.6640625,450.9296875,26.9,96
9,235277,5.933606521,5.189,433.4453125,436.484375,24.42,96,222.7968,6.15675668,440.38671875,440.38671875,25.38,98,438.25390625,443.3046875,27.04,96
10,235558,5.77071336,5.078,444.37109375,444.37109375,23.8,96,209.543475,5.980578727,447.5234375,447.5234375,24.72,98,431.16796875,455.15234375,27.11,96
11,235805,5.709931243,5.024,443.78515625,443.78515625,23.58,96,215.353015,5.925644232,448.51953125,448.51953125,24.54,98,425.97265625,451.828125,26.38,96
12,236045,5.836450221,5.096,425.93359375,425.93359375,24.19,96,256.935209,6.093750831,430.37890625,430.37890625,25.3,98,412.62109375,433.11328125,26.58,96
13,236282,5.786318995,5.099,439.484375,439.484375,24.22,96,224.758051,6.01139537,445.59765625,445.59765625,25.16,98,433.9296875,451.73828125,27.05,96
14,236530,5.755439945,5.008,457.02734375,457.02734375,24.34,96,226.437045,5.982219072,461.8046875,461.8046875,25.32,98,443.59765625,464.484375,27.17,96
15,236788,5.958816852,5.262,448.2734375,448.2734375,24.45,96,229.180967,6.18832327,452.59765625,452.59765625,25.44,98,450.5703125,456.64453125,27.36,96
16,237046,5.827686335,5.152,425.0234375,425.0234375,24.82,96,221.15446,6.049157163,429.31640625,429.31640625,25.69,98,418.7421875,434.37890625,26.94,96
17,237288,5.911516181,5.2,429.25,429.25,24.63,96,222.428608,6.134274436,433.5703125,433.5703125,25.59,98,415.26953125,437.26171875,27.04,96
18,237536,5.998016646,5.251,456.59765625,456.59765625,25.1,96,222.323917,6.220688119,461.01171875,461.01171875,26.08,98,444.39453125,464.16015625,27.95,96
19,237795,5.934708364,5.262,442.94140625,442.94140625,24.77,96,214.878432,6.149898721,450.11328125,450.11328125,25.68,98,440.82421875,452.78125,27.53,96
20,238034,5.956818083,5.232,445.9296875,445.9296875,24.7,96,250.50402,6.207652988,454.984375,454.984375,25.73,98,440.55078125,459.33203125,27.72,96
21,238293,5.758469894,5.068,435.35546875,435.35546875,24.04,96,220.771024,5.979561209,446.8359375,446.8359375,25.0,98,436.07421875,447.234375,26.62,96
22,238540,5.708795214,5.012,460.88671875,460.88671875,23.69,96,255.793097,5.96492949,465.26171875,465.26171875,24.79,98,448.07421875,465.875,26.52,96
23,238780,5.782821832,5.09,455.62109375,455.62109375,24.15,96,240.082758,6.023274805,460.81640625,460.81640625,25.21,98,451.44140625,464.25390625,26.92,96
24,239038,5.961935995,5.281,451.90625,451.90625,24.31,96,208.253686,6.170539092,456.26171875,456.26171875,25.21,98,442.75,456.94921875,27.3,96
25,239279,5.725812996,5.038,436.92578125,436.92578125,23.47,96,235.576473,5.961725826,442.01953125,442.01953125,24.49,98,425.49609375,443.19921875,25.98,96
26,239548,5.659496846,4.997,445.67578125,445.67578125,23.8,97,233.292579,5.89311709,445.83984375,445.83984375,24.75,99,432.45703125,447.15625,26.43,97
27,239788,5.813911055,5.13,421.97265625,421.97265625,24.05,96,239.518756,6.053777643,433.40625,433.40625,25.07,98,431.34375,439.13671875,26.73,96
28,240027,5.980001374,5.315,415.88671875,415.88671875,24.72,96,278.335034,6.258656761,426.94921875,426.94921875,25.91,98,414.44140625,433.08203125,27.33,96
29,240296,5.87166422,5.175,445.3671875,445.3671875,24.69,96,210.635649,6.082638092,451.96484375,451.96484375,25.58,98,447.59375,455.71875,27.6,96
30,240535,5.765428612,5.086,442.546875,442.546875,23.96,96,299.315718,6.065089862,448.7578125,448.7578125,25.21,98,432.7578125,452.03125,27.83,96
