run,pid,web_ready_s,logged_startup_s,web_ready_rss_mib,web_ready_hwm_mib,web_ready_cpu_s,web_ready_threads,first_query_ms,query_ready_s,query_ready_rss_mib,query_ready_hwm_mib,query_ready_cpu_s,query_ready_threads,settled_rss_mib,settled_hwm_mib,settled_cpu_s,settled_threads
1,291915,0.523668476,0.361,93.609375,93.609375,1.1,24,326.0419,0.850078291,116.0625,116.0625,2.04,27,134.8046875,152.75390625,2.74,26
2,292049,0.528818074,0.37,92.92578125,92.92578125,1.07,24,296.482724,0.825638751,115.3671875,115.3671875,1.86,27,137.69921875,147.15234375,2.64,26
3,292179,0.523490278,0.367,93.765625,93.765625,1.11,24,292.009655,0.81587058,111.6015625,111.6015625,1.85,27,125.30078125,150.23046875,2.57,26
4,292302,0.56904559,0.398,93.35546875,93.35546875,1.13,24,288.569513,0.857888489,110.875,110.875,1.86,27,122.57421875,150.54296875,2.58,26
5,292444,0.580599139,0.407,93.40234375,93.40234375,1.21,24,317.951689,0.898848861,111.5703125,111.5703125,2.04,27,121.65234375,149.77734375,2.77,26
6,292587,0.529887139,0.362,93.5078125,93.5078125,1.13,24,293.950307,0.824241043,115.77734375,115.77734375,1.95,27,127.89453125,152.046875,2.68,26
7,292710,0.582949331,0.404,93.609375,93.609375,1.18,24,330.595522,0.913879129,112.484375,112.484375,2.03,27,125.45703125,153.47265625,2.83,26
8,292832,0.520000425,0.369,93.828125,93.828125,1.08,24,304.007509,0.82435561,112.3359375,113.30078125,1.9,27,124.44140625,153.37890625,2.68,26
9,292962,0.525820754,0.382,93.82421875,93.82421875,1.14,24,313.048211,0.83922695,117.57421875,117.57421875,2.01,27,133.1015625,149.0625,2.77,26
10,293105,0.527257213,0.361,94.1875,94.1875,1.06,24,302.378922,0.829987781,111.33984375,111.33984375,1.86,27,147.37109375,153.1875,2.62,26
11,293229,0.533603219,0.393,93.86328125,93.86328125,1.17,24,291.396136,0.825269997,110.65234375,110.984375,1.98,27,130.23828125,153.33984375,2.82,26
12,293371,0.520694588,0.378,93.80859375,93.80859375,1.08,24,312.611469,0.833578599,113.6640625,113.6640625,1.88,27,146.70703125,152.35546875,2.54,26
13,293493,0.522634744,0.359,93.48828125,93.48828125,1.08,24,293.894396,0.816885385,112.7890625,112.796875,1.89,27,138.49609375,153.92578125,2.73,26
14,293623,0.518270689,0.379,93.6796875,93.6796875,1.07,24,292.928882,0.811560114,116.35546875,116.35546875,1.84,27,127.11328125,151.0859375,2.59,26
15,293745,0.522628195,0.361,93.65234375,93.65234375,1.09,24,338.450047,0.861429239,113.21484375,113.21484375,2.06,27,138.05078125,153.82421875,2.78,26
16,293887,0.534557235,0.361,93.73828125,93.73828125,1.05,24,304.159305,0.839067438,111.17578125,111.55859375,1.88,27,127.88671875,152.09765625,2.63,26
17,294009,0.528992125,0.386,93.72265625,93.72265625,1.12,24,306.224499,0.835470638,113.6953125,113.6953125,1.93,27,131.01171875,153.38671875,2.7,26
18,294152,0.519645425,0.373,94.14453125,94.14453125,1.05,24,299.094587,0.819112835,110.83984375,111.0078125,1.82,27,138.58984375,152.9921875,2.69,26
19,294274,0.532226352,0.371,93.89453125,93.89453125,1.1,24,300.661382,0.833248326,112.71875,112.71875,1.94,27,138.8046875,154.08984375,2.72,26
20,294404,0.532045845,0.361,93.6171875,93.6171875,1.04,24,296.011025,0.828356711,113.3984375,113.3984375,1.83,27,136.28125,151.875,2.56,26
21,294526,0.53070544,0.367,93.75390625,93.75390625,1.07,24,295.629292,0.826710169,113.91015625,113.91015625,1.87,27,128.33203125,154.09375,2.67,26
22,294667,0.525009741,0.365,93.4921875,93.4921875,1.09,24,300.309714,0.825589514,110.1640625,110.30859375,1.92,27,121.5703125,150.0,2.64,26
23,294790,0.52526684,0.362,93.81640625,93.81640625,1.04,24,308.611976,0.834246686,113.6171875,113.6171875,1.88,27,129.78125,153.27734375,2.75,26
24,294913,0.518720303,0.388,93.67578125,93.67578125,1.14,24,300.93647,0.820000376,114.12890625,114.12890625,1.97,27,126.4375,151.53125,2.73,26
25,295062,0.5382341,0.361,93.6328125,93.6328125,1.08,24,295.097351,0.833616376,110.28515625,110.28515625,1.88,27,131.70703125,153.359375,2.67,26
26,295186,0.530512112,0.364,93.578125,93.578125,1.16,24,295.025389,0.825799837,109.7265625,109.79296875,1.94,27,147.8515625,153.6640625,2.78,26
27,295309,0.535384916,0.364,93.75,93.75,1.1,24,290.615215,0.826325909,113.55078125,113.98046875,1.86,27,125.4921875,152.7265625,2.67,26
28,295450,0.52670164,0.357,93.4375,93.4375,1.07,24,296.41671,0.823389049,114.91015625,114.91015625,1.9,27,135.94921875,153.671875,2.71,26
29,295573,0.522562513,0.368,93.72265625,93.72265625,1.11,24,299.93499,0.822848603,115.8515625,115.8515625,1.89,27,129.2890625,152.16796875,2.78,26
30,295695,0.57941781,0.408,93.734375,93.734375,1.16,24,312.598132,0.892343284,109.796875,109.796875,2.02,27,125.75390625,152.3515625,2.84,26
